Date,Item Name,Quantity Sold,Total Sale
2020-07-11,Rice,25,11655.5
2020-07-11,Wheat Flour,13,2028.39
2020-07-11,Cooking Oil,37,12490.09
2020-07-11,Toilet Paper,17,2818.94
2020-07-11,Detergent,45,19016.1
2020-07-11,Shampoo,46,7517.78
2020-07-11,Noodles,36,10710.72
2020-07-11,Biscuits,6,1759.68
2020-07-11,Bottled Water,6,847.86
2020-07-11,Tea,48,22218.72
2020-07-11,Sugar,20,3601.2
2020-07-11,Salt,16,6417.28
2020-07-11,Soap,15,2684.55
2020-07-11,Toothpaste,50,2746.0
2020-07-11,Milk,47,4979.65
2020-07-11,Cheese,10,4311.1
2020-07-11,Butter,12,5270.88
2020-07-11,Paneer,28,2021.6
2020-07-11,Face Wash,6,1954.86
2020-07-11,Hair Oil,18,7813.26
2020-07-11,Hand Sanitizer,39,18152.55
2020-07-11,Laundry Liquid,22,5526.4
2020-07-11,Dishwash Gel,44,3191.76
2020-07-11,Chips,31,13461.13
2020-07-11,Chocolate,32,10423.68
2020-07-11,Coffee,23,10287.67
2020-07-11,Green Tea,21,4099.41
2020-07-11,Juice,10,3968.5
2020-07-11,Soft Drink,46,10788.84
2020-07-11,Dry Fruits,22,2316.38
2020-07-11,Honey,19,9073.83
2020-07-11,Ketchup,10,3769.5
2020-07-11,Mustard,26,8230.3
2020-07-11,Vinegar,42,17291.4
2020-07-11,Pickle,37,17792.93
2020-07-11,Jam,20,9675.6
2020-07-11,Bread,15,2187.0
2020-07-11,Eggs,27,11781.72
2020-07-11,Cereal,41,19927.23
2020-07-11,Oats,28,2098.88
2020-07-11,Baby Food,40,8658.0
2020-07-11,Tissues,27,12262.32
2020-07-11,Garbage Bags,13,3328.65
2020-07-11,Mop,37,10936.09
2020-07-11,Broom,19,7456.17
2020-07-11,Floor Cleaner,35,11081.35
2020-07-11,Room Freshener,12,2545.2
2020-07-11,Mosquito Spray,16,3969.12
2020-07-11,Bleach,10,1281.0
2020-07-11,Matches,46,13826.68
2020-07-11,Candles,10,4366.6
2020-07-12,Rice,29,13520.38
2020-07-12,Wheat Flour,7,1092.21
2020-07-12,Cooking Oil,48,16203.36
2020-07-12,Toilet Paper,36,5969.52
2020-07-12,Detergent,38,16058.04
2020-07-12,Shampoo,11,1797.73
2020-07-12,Noodles,26,7735.52
2020-07-12,Biscuits,28,8211.84
2020-07-12,Bottled Water,35,4945.85
2020-07-12,Tea,20,9257.8
2020-07-12,Sugar,41,7382.46
2020-07-12,Salt,30,12032.4
2020-07-12,Soap,21,3758.37
2020-07-12,Toothpaste,43,2361.56
2020-07-12,Milk,17,1801.15
2020-07-12,Cheese,31,13364.41
2020-07-12,Butter,22,9663.28
2020-07-12,Paneer,13,938.6
2020-07-12,Face Wash,48,15638.88
2020-07-12,Hair Oil,5,2170.35
2020-07-12,Hand Sanitizer,29,13498.05
2020-07-12,Laundry Liquid,15,3768.0
2020-07-12,Dishwash Gel,44,3191.76
2020-07-12,Chips,14,6079.22
2020-07-12,Chocolate,31,10097.94
2020-07-12,Coffee,19,8498.51
2020-07-12,Green Tea,34,6637.14
2020-07-12,Juice,40,15874.0
2020-07-12,Soft Drink,48,11257.92
2020-07-12,Dry Fruits,45,4738.05
2020-07-12,Honey,13,6208.41
2020-07-12,Ketchup,48,18093.6
2020-07-12,Mustard,27,8546.85
2020-07-12,Vinegar,37,15232.9
2020-07-12,Pickle,12,5770.68
2020-07-12,Jam,30,14513.4
2020-07-12,Bread,23,3353.4
2020-07-12,Eggs,17,7418.12
2020-07-12,Cereal,37,17983.11
2020-07-12,Oats,32,2398.72
2020-07-12,Baby Food,40,8658.0
2020-07-12,Tissues,46,20891.36
2020-07-12,Garbage Bags,21,5377.05
2020-07-12,Mop,25,7389.25
2020-07-12,Broom,9,3531.87
2020-07-12,Floor Cleaner,11,3482.71
2020-07-12,Room Freshener,18,3817.8
2020-07-12,Mosquito Spray,36,8930.52
2020-07-12,Bleach,37,4739.7
2020-07-12,Matches,29,8716.82
2020-07-12,Candles,48,20959.68
2020-07-13,Rice,8,3729.76
2020-07-13,Wheat Flour,24,3744.72
2020-07-13,Cooking Oil,17,5738.69
2020-07-13,Toilet Paper,45,7461.9
2020-07-13,Detergent,23,9719.34
2020-07-13,Shampoo,37,6046.91
2020-07-13,Noodles,27,8033.04
2020-07-13,Biscuits,43,12611.04
2020-07-13,Bottled Water,6,847.86
2020-07-13,Tea,20,9257.8
2020-07-13,Sugar,28,5041.68
2020-07-13,Salt,10,4010.8
2020-07-13,Soap,13,2326.61
2020-07-13,Toothpaste,8,439.36
2020-07-13,Milk,21,2224.95
2020-07-13,Cheese,40,17244.4
2020-07-13,Butter,21,9224.04
2020-07-13,Paneer,37,2671.4
2020-07-13,Face Wash,24,7819.44
2020-07-13,Hair Oil,36,15626.52
2020-07-13,Hand Sanitizer,13,6050.85
2020-07-13,Laundry Liquid,9,2260.8
2020-07-13,Dishwash Gel,47,3409.38
2020-07-13,Chips,11,4776.53
2020-07-13,Chocolate,5,1628.7
2020-07-13,Coffee,8,3578.32
2020-07-13,Green Tea,38,7417.98
2020-07-13,Juice,43,17064.55
2020-07-13,Soft Drink,50,11727.0
2020-07-13,Dry Fruits,38,4001.02
2020-07-13,Honey,17,8118.69
2020-07-13,Ketchup,26,9800.7
2020-07-13,Mustard,14,4431.7
2020-07-13,Vinegar,38,15644.6
2020-07-13,Pickle,31,14907.59
2020-07-13,Jam,26,12578.28
2020-07-13,Bread,43,6269.4
2020-07-13,Eggs,11,4799.96
2020-07-13,Cereal,49,23815.47
2020-07-13,Oats,31,2323.76
2020-07-13,Baby Food,5,1082.25
2020-07-13,Tissues,35,15895.6
2020-07-13,Garbage Bags,33,8449.65
2020-07-13,Mop,48,14187.36
2020-07-13,Broom,31,12165.33
2020-07-13,Floor Cleaner,47,14880.67
2020-07-13,Room Freshener,30,6363.0
2020-07-13,Mosquito Spray,27,6697.89
2020-07-13,Bleach,41,5252.1
2020-07-13,Matches,5,1502.9
2020-07-13,Candles,45,19649.7
2020-07-14,Rice,49,22844.78
2020-07-14,Wheat Flour,29,4524.87
2020-07-14,Cooking Oil,33,11139.81
2020-07-14,Toilet Paper,27,4477.14
2020-07-14,Detergent,15,6338.7
2020-07-14,Shampoo,27,4412.61
2020-07-14,Noodles,41,12198.32
2020-07-14,Biscuits,16,4692.48
2020-07-14,Bottled Water,12,1695.72
2020-07-14,Tea,48,22218.72
2020-07-14,Sugar,13,2340.78
2020-07-14,Salt,33,13235.64
2020-07-14,Soap,23,4116.31
2020-07-14,Toothpaste,11,604.12
2020-07-14,Milk,41,4343.95
2020-07-14,Cheese,5,2155.55
2020-07-14,Butter,20,8784.8
2020-07-14,Paneer,16,1155.2
2020-07-14,Face Wash,9,2932.29
2020-07-14,Hair Oil,15,6511.05
2020-07-14,Hand Sanitizer,33,15359.85
2020-07-14,Laundry Liquid,49,12308.8
2020-07-14,Dishwash Gel,50,3627.0
2020-07-14,Chips,31,13461.13
2020-07-14,Chocolate,21,6840.54
2020-07-14,Coffee,49,21917.21
2020-07-14,Green Tea,16,3123.36
2020-07-14,Juice,27,10714.95
2020-07-14,Soft Drink,17,3987.18
2020-07-14,Dry Fruits,42,4422.18
2020-07-14,Honey,45,21490.65
2020-07-14,Ketchup,47,17716.65
2020-07-14,Mustard,26,8230.3
2020-07-14,Vinegar,6,2470.2
2020-07-14,Pickle,11,5289.79
2020-07-14,Jam,43,20802.54
2020-07-14,Bread,6,874.8
2020-07-14,Eggs,26,11345.36
2020-07-14,Cereal,26,12636.78
2020-07-14,Oats,37,2773.52
2020-07-14,Baby Food,33,7142.85
2020-07-14,Tissues,43,19528.88
2020-07-14,Garbage Bags,50,12802.5
2020-07-14,Mop,10,2955.7
2020-07-14,Broom,43,16874.49
2020-07-14,Floor Cleaner,45,14247.45
2020-07-14,Room Freshener,43,9120.3
2020-07-14,Mosquito Spray,5,1240.35
2020-07-14,Bleach,50,6405.0
2020-07-14,Matches,43,12924.94
2020-07-14,Candles,26,11353.16
2021-07-11,Rice,32,14919.04
2021-07-11,Wheat Flour,35,5461.05
2021-07-11,Cooking Oil,39,13165.23
2021-07-11,Toilet Paper,21,3482.22
2021-07-11,Detergent,45,19016.1
2021-07-11,Shampoo,17,2778.31
2021-07-11,Noodles,45,13388.4
2021-07-11,Biscuits,16,4692.48
2021-07-11,Bottled Water,30,4239.3
2021-07-11,Tea,24,11109.36
2021-07-11,Sugar,48,8642.88
2021-07-11,Salt,39,15642.12
2021-07-11,Soap,44,7874.68
2021-07-11,Toothpaste,5,274.6
2021-07-11,Milk,36,3814.2
2021-07-11,Cheese,8,3448.88
2021-07-11,Butter,13,5710.12
2021-07-11,Paneer,8,577.6
2021-07-11,Face Wash,37,12054.97
2021-07-11,Hair Oil,29,12588.03
2021-07-11,Hand Sanitizer,45,20945.25
2021-07-11,Laundry Liquid,9,2260.8
2021-07-11,Dishwash Gel,6,435.24
2021-07-11,Chips,6,2605.38
2021-07-11,Chocolate,45,14658.3
2021-07-11,Coffee,14,6262.06
2021-07-11,Green Tea,43,8394.03
2021-07-11,Juice,42,16667.7
2021-07-11,Soft Drink,7,1641.78
2021-07-11,Dry Fruits,6,631.74
2021-07-11,Honey,48,22923.36
2021-07-11,Ketchup,41,15454.95
2021-07-11,Mustard,37,11712.35
2021-07-11,Vinegar,35,14409.5
2021-07-11,Pickle,13,6251.57
2021-07-11,Jam,37,17899.86
2021-07-11,Bread,10,1458.0
2021-07-11,Eggs,8,3490.88
2021-07-11,Cereal,17,8262.51
2021-07-11,Oats,45,3373.2
2021-07-11,Baby Food,39,8441.55
2021-07-11,Tissues,41,18620.56
2021-07-11,Garbage Bags,36,9217.8
2021-07-11,Mop,40,11822.8
2021-07-11,Broom,19,7456.17
2021-07-11,Floor Cleaner,47,14880.67
2021-07-11,Room Freshener,8,1696.8
2021-07-11,Mosquito Spray,26,6449.82
2021-07-11,Bleach,33,4227.3
2021-07-11,Matches,46,13826.68
2021-07-11,Candles,48,20959.68
2021-07-12,Rice,34,15851.48
2021-07-12,Wheat Flour,24,3744.72
2021-07-12,Cooking Oil,26,8776.82
2021-07-12,Toilet Paper,30,4974.6
2021-07-12,Detergent,28,11832.24
2021-07-12,Shampoo,36,5883.48
2021-07-12,Noodles,44,13090.88
2021-07-12,Biscuits,13,3812.64
2021-07-12,Bottled Water,9,1271.79
2021-07-12,Tea,41,18978.49
2021-07-12,Sugar,12,2160.72
2021-07-12,Salt,40,16043.2
2021-07-12,Soap,30,5369.1
2021-07-12,Toothpaste,9,494.28
2021-07-12,Milk,50,5297.5
2021-07-12,Cheese,40,17244.4
2021-07-12,Butter,38,16691.12
2021-07-12,Paneer,9,649.8
2021-07-12,Face Wash,28,9122.68
2021-07-12,Hair Oil,23,9983.61
2021-07-12,Hand Sanitizer,34,15825.3
2021-07-12,Laundry Liquid,7,1758.4
2021-07-12,Dishwash Gel,11,797.94
2021-07-12,Chips,26,11289.98
2021-07-12,Chocolate,8,2605.92
2021-07-12,Coffee,31,13865.99
2021-07-12,Green Tea,28,5465.88
2021-07-12,Juice,33,13096.05
2021-07-12,Soft Drink,31,7270.74
2021-07-12,Dry Fruits,44,4632.76
2021-07-12,Honey,50,23878.5
2021-07-12,Ketchup,5,1884.75
2021-07-12,Mustard,6,1899.3
2021-07-12,Vinegar,21,8645.7
2021-07-12,Pickle,18,8656.02
2021-07-12,Jam,29,14029.62
2021-07-12,Bread,25,3645.0
2021-07-12,Eggs,48,20945.28
2021-07-12,Cereal,43,20899.29
2021-07-12,Oats,24,1799.04
2021-07-12,Baby Food,6,1298.7
2021-07-12,Tissues,50,22708.0
2021-07-12,Garbage Bags,17,4352.85
2021-07-12,Mop,21,6206.97
2021-07-12,Broom,36,14127.48
2021-07-12,Floor Cleaner,23,7282.03
2021-07-12,Room Freshener,45,9544.5
2021-07-12,Mosquito Spray,15,3721.05
2021-07-12,Bleach,17,2177.7
2021-07-12,Matches,45,13526.1
2021-07-12,Candles,16,6986.56
2021-07-13,Rice,44,20513.68
2021-07-13,Wheat Flour,23,3588.69
2021-07-13,Cooking Oil,18,6076.26
2021-07-13,Toilet Paper,19,3150.58
2021-07-13,Detergent,25,10564.5
2021-07-13,Shampoo,49,8008.07
2021-07-13,Noodles,43,12793.36
2021-07-13,Biscuits,36,10558.08
2021-07-13,Bottled Water,5,706.55
2021-07-13,Tea,24,11109.36
2021-07-13,Sugar,33,5941.98
2021-07-13,Salt,41,16444.28
2021-07-13,Soap,30,5369.1
2021-07-13,Toothpaste,13,713.96
2021-07-13,Milk,37,3920.15
2021-07-13,Cheese,6,2586.66
2021-07-13,Butter,17,7467.08
2021-07-13,Paneer,48,3465.6
2021-07-13,Face Wash,12,3909.72
2021-07-13,Hair Oil,35,15192.45
2021-07-13,Hand Sanitizer,6,2792.7
2021-07-13,Laundry Liquid,42,10550.4
2021-07-13,Dishwash Gel,44,3191.76
2021-07-13,Chips,22,9553.06
2021-07-13,Chocolate,43,14006.82
2021-07-13,Coffee,17,7603.93
2021-07-13,Green Tea,34,6637.14
2021-07-13,Juice,39,15477.15
2021-07-13,Soft Drink,19,4456.26
2021-07-13,Dry Fruits,24,2526.96
2021-07-13,Honey,50,23878.5
2021-07-13,Ketchup,49,18470.55
2021-07-13,Mustard,15,4748.25
2021-07-13,Vinegar,25,10292.5
2021-07-13,Pickle,20,9617.8
2021-07-13,Jam,46,22253.88
2021-07-13,Bread,38,5540.4
2021-07-13,Eggs,40,17454.4
2021-07-13,Cereal,8,3888.24
2021-07-13,Oats,28,2098.88
2021-07-13,Baby Food,43,9307.35
2021-07-13,Tissues,29,13170.64
2021-07-13,Garbage Bags,21,5377.05
2021-07-13,Mop,46,13596.22
2021-07-13,Broom,21,8241.03
2021-07-13,Floor Cleaner,12,3799.32
2021-07-13,Room Freshener,46,9756.6
2021-07-13,Mosquito Spray,45,11163.15
2021-07-13,Bleach,45,5764.5
2021-07-13,Matches,35,10520.3
2021-07-13,Candles,34,14846.44
2021-07-14,Rice,46,21446.12
2021-07-14,Wheat Flour,47,7333.41
2021-07-14,Cooking Oil,34,11477.38
2021-07-14,Toilet Paper,47,7793.54
2021-07-14,Detergent,15,6338.7
2021-07-14,Shampoo,10,1634.3
2021-07-14,Noodles,16,4760.32
2021-07-14,Biscuits,5,1466.4
2021-07-14,Bottled Water,11,1554.41
2021-07-14,Tea,25,11572.25
2021-07-14,Sugar,10,1800.6
2021-07-14,Salt,32,12834.56
2021-07-14,Soap,9,1610.73
2021-07-14,Toothpaste,22,1208.24
2021-07-14,Milk,9,953.55
2021-07-14,Cheese,20,8622.2
2021-07-14,Butter,6,2635.44
2021-07-14,Paneer,46,3321.2
2021-07-14,Face Wash,37,12054.97
2021-07-14,Hair Oil,6,2604.42
2021-07-14,Hand Sanitizer,13,6050.85
2021-07-14,Laundry Liquid,38,9545.6
2021-07-14,Dishwash Gel,31,2248.74
2021-07-14,Chips,39,16934.97
2021-07-14,Chocolate,40,13029.6
2021-07-14,Coffee,31,13865.99
2021-07-14,Green Tea,38,7417.98
2021-07-14,Juice,9,3571.65
2021-07-14,Soft Drink,19,4456.26
2021-07-14,Dry Fruits,26,2737.54
2021-07-14,Honey,36,17192.52
2021-07-14,Ketchup,8,3015.6
2021-07-14,Mustard,19,6014.45
2021-07-14,Vinegar,26,10704.2
2021-07-14,Pickle,16,7694.24
2021-07-14,Jam,27,13062.06
2021-07-14,Bread,24,3499.2
2021-07-14,Eggs,41,17890.76
2021-07-14,Cereal,35,17011.05
2021-07-14,Oats,48,3598.08
2021-07-14,Baby Food,35,7575.75
2021-07-14,Tissues,6,2724.96
2021-07-14,Garbage Bags,6,1536.3
2021-07-14,Mop,28,8275.96
2021-07-14,Broom,11,4316.73
2021-07-14,Floor Cleaner,19,6015.59
2021-07-14,Room Freshener,36,7635.6
2021-07-14,Mosquito Spray,5,1240.35
2021-07-14,Bleach,23,2946.3
2021-07-14,Matches,25,7514.5
2021-07-14,Candles,46,20086.36
2022-07-11,Rice,28,13054.16
2022-07-11,Wheat Flour,23,3588.69
2022-07-11,Cooking Oil,42,14177.94
2022-07-11,Toilet Paper,25,4145.5
2022-07-11,Detergent,17,7183.86
2022-07-11,Shampoo,5,817.15
2022-07-11,Noodles,16,4760.32
2022-07-11,Biscuits,8,2346.24
2022-07-11,Bottled Water,11,1554.41
2022-07-11,Tea,34,15738.26
2022-07-11,Sugar,39,7022.34
2022-07-11,Salt,48,19251.84
2022-07-11,Soap,6,1073.82
2022-07-11,Toothpaste,43,2361.56
2022-07-11,Milk,17,1801.15
2022-07-11,Cheese,10,4311.1
2022-07-11,Butter,42,18448.08
2022-07-11,Paneer,46,3321.2
2022-07-11,Face Wash,21,6842.01
2022-07-11,Hair Oil,11,4774.77
2022-07-11,Hand Sanitizer,8,3723.6
2022-07-11,Laundry Liquid,49,12308.8
2022-07-11,Dishwash Gel,32,2321.28
2022-07-11,Chips,39,16934.97
2022-07-11,Chocolate,35,11400.9
2022-07-11,Coffee,43,19233.47
2022-07-11,Green Tea,24,4685.04
2022-07-11,Juice,36,14286.6
2022-07-11,Soft Drink,26,6098.04
2022-07-11,Dry Fruits,7,737.03
2022-07-11,Honey,29,13849.53
2022-07-11,Ketchup,39,14701.05
2022-07-11,Mustard,36,11395.8
2022-07-11,Vinegar,29,11939.3
2022-07-11,Pickle,35,16831.15
2022-07-11,Jam,27,13062.06
2022-07-11,Bread,23,3353.4
2022-07-11,Eggs,17,7418.12
2022-07-11,Cereal,27,13122.81
2022-07-11,Oats,21,1574.16
2022-07-11,Baby Food,42,9090.9
2022-07-11,Tissues,47,21345.52
2022-07-11,Garbage Bags,30,7681.5
2022-07-11,Mop,47,13891.79
2022-07-11,Broom,37,14519.91
2022-07-11,Floor Cleaner,24,7598.64
2022-07-11,Room Freshener,45,9544.5
2022-07-11,Mosquito Spray,16,3969.12
2022-07-11,Bleach,41,5252.1
2022-07-11,Matches,7,2104.06
2022-07-11,Candles,21,9169.86
2022-07-12,Rice,19,8858.18
2022-07-12,Wheat Flour,30,4680.9
2022-07-12,Cooking Oil,25,8439.25
2022-07-12,Toilet Paper,44,7296.08
2022-07-12,Detergent,9,3803.22
2022-07-12,Shampoo,45,7354.35
2022-07-12,Noodles,40,11900.8
2022-07-12,Biscuits,18,5279.04
2022-07-12,Bottled Water,42,5935.02
2022-07-12,Tea,49,22681.61
2022-07-12,Sugar,34,6122.04
2022-07-12,Salt,22,8823.76
2022-07-12,Soap,29,5190.13
2022-07-12,Toothpaste,41,2251.72
2022-07-12,Milk,31,3284.45
2022-07-12,Cheese,24,10346.64
2022-07-12,Butter,16,7027.84
2022-07-12,Paneer,40,2888.0
2022-07-12,Face Wash,35,11403.35
2022-07-12,Hair Oil,21,9115.47
2022-07-12,Hand Sanitizer,8,3723.6
2022-07-12,Laundry Liquid,39,9796.8
2022-07-12,Dishwash Gel,7,507.78
2022-07-12,Chips,13,5644.99
2022-07-12,Chocolate,19,6189.06
2022-07-12,Coffee,42,18786.18
2022-07-12,Green Tea,44,8589.24
2022-07-12,Juice,12,4762.2
2022-07-12,Soft Drink,43,10085.22
2022-07-12,Dry Fruits,26,2737.54
2022-07-12,Honey,39,18625.23
2022-07-12,Ketchup,10,3769.5
2022-07-12,Mustard,36,11395.8
2022-07-12,Vinegar,17,6998.9
2022-07-12,Pickle,17,8175.13
2022-07-12,Jam,48,23221.44
2022-07-12,Bread,21,3061.8
2022-07-12,Eggs,40,17454.4
2022-07-12,Cereal,45,21871.35
2022-07-12,Oats,19,1424.24
2022-07-12,Baby Food,26,5627.7
2022-07-12,Tissues,36,16349.76
2022-07-12,Garbage Bags,29,7425.45
2022-07-12,Mop,35,10344.95
2022-07-12,Broom,14,5494.02
2022-07-12,Floor Cleaner,28,8865.08
2022-07-12,Room Freshener,19,4029.9
2022-07-12,Mosquito Spray,22,5457.54
2022-07-12,Bleach,50,6405.0
2022-07-12,Matches,30,9017.4
2022-07-12,Candles,18,7859.88
2022-07-13,Rice,33,15385.26
2022-07-13,Wheat Flour,41,6397.23
2022-07-13,Cooking Oil,19,6413.83
2022-07-13,Toilet Paper,5,829.1
2022-07-13,Detergent,39,16480.62
2022-07-13,Shampoo,35,5720.05
2022-07-13,Noodles,17,5057.84
2022-07-13,Biscuits,16,4692.48
2022-07-13,Bottled Water,6,847.86
2022-07-13,Tea,45,20830.05
2022-07-13,Sugar,26,4681.56
2022-07-13,Salt,22,8823.76
2022-07-13,Soap,40,7158.8
2022-07-13,Toothpaste,24,1318.08
2022-07-13,Milk,48,5085.6
2022-07-13,Cheese,29,12502.19
2022-07-13,Butter,20,8784.8
2022-07-13,Paneer,29,2093.8
2022-07-13,Face Wash,20,6516.2
2022-07-13,Hair Oil,17,7379.19
2022-07-13,Hand Sanitizer,18,8378.1
2022-07-13,Laundry Liquid,8,2009.6
2022-07-13,Dishwash Gel,30,2176.2
2022-07-13,Chips,34,14763.82
2022-07-13,Chocolate,45,14658.3
2022-07-13,Coffee,43,19233.47
2022-07-13,Green Tea,40,7808.4
2022-07-13,Juice,46,18255.1
2022-07-13,Soft Drink,19,4456.26
2022-07-13,Dry Fruits,25,2632.25
2022-07-13,Honey,45,21490.65
2022-07-13,Ketchup,44,16585.8
2022-07-13,Mustard,40,12662.0
2022-07-13,Vinegar,19,7822.3
2022-07-13,Pickle,43,20678.27
2022-07-13,Jam,26,12578.28
2022-07-13,Bread,32,4665.6
2022-07-13,Eggs,27,11781.72
2022-07-13,Cereal,41,19927.23
2022-07-13,Oats,49,3673.04
2022-07-13,Baby Food,26,5627.7
2022-07-13,Tissues,29,13170.64
2022-07-13,Garbage Bags,41,10498.05
2022-07-13,Mop,12,3546.84
2022-07-13,Broom,25,9810.75
2022-07-13,Floor Cleaner,32,10131.52
2022-07-13,Room Freshener,27,5726.7
2022-07-13,Mosquito Spray,17,4217.19
2022-07-13,Bleach,5,640.5
2022-07-13,Matches,23,6913.34
2022-07-13,Candles,46,20086.36
2022-07-14,Rice,15,6993.3
2022-07-14,Wheat Flour,25,3900.75
2022-07-14,Cooking Oil,19,6413.83
2022-07-14,Toilet Paper,42,6964.44
2022-07-14,Detergent,30,12677.4
2022-07-14,Shampoo,31,5066.33
2022-07-14,Noodles,39,11603.28
2022-07-14,Biscuits,28,8211.84
2022-07-14,Bottled Water,26,3674.06
2022-07-14,Tea,29,13423.81
2022-07-14,Sugar,38,6842.28
2022-07-14,Salt,20,8021.6
2022-07-14,Soap,13,2326.61
2022-07-14,Toothpaste,6,329.52
2022-07-14,Milk,20,2119.0
2022-07-14,Cheese,32,13795.52
2022-07-14,Butter,32,14055.68
2022-07-14,Paneer,19,1371.8
2022-07-14,Face Wash,32,10425.92
2022-07-14,Hair Oil,28,12153.96
2022-07-14,Hand Sanitizer,49,22807.05
2022-07-14,Laundry Liquid,6,1507.2
2022-07-14,Dishwash Gel,18,1305.72
2022-07-14,Chips,19,8250.37
2022-07-14,Chocolate,48,15635.52
2022-07-14,Coffee,26,11629.54
2022-07-14,Green Tea,41,8003.61
2022-07-14,Juice,25,9921.25
2022-07-14,Soft Drink,38,8912.52
2022-07-14,Dry Fruits,46,4843.34
2022-07-14,Honey,50,23878.5
2022-07-14,Ketchup,30,11308.5
2022-07-14,Mustard,33,10446.15
2022-07-14,Vinegar,19,7822.3
2022-07-14,Pickle,28,13464.92
2022-07-14,Jam,33,15964.74
2022-07-14,Bread,39,5686.2
2022-07-14,Eggs,27,11781.72
2022-07-14,Cereal,25,12150.75
2022-07-14,Oats,28,2098.88
2022-07-14,Baby Food,37,8008.65
2022-07-14,Tissues,11,4995.76
2022-07-14,Garbage Bags,14,3584.7
2022-07-14,Mop,27,7980.39
2022-07-14,Broom,9,3531.87
2022-07-14,Floor Cleaner,7,2216.27
2022-07-14,Room Freshener,21,4454.1
2022-07-14,Mosquito Spray,17,4217.19
2022-07-14,Bleach,8,1024.8
2022-07-14,Matches,44,13225.52
2022-07-14,Candles,47,20523.02
2023-07-11,Rice,15,6993.3
2023-07-11,Wheat Flour,28,4368.84
2023-07-11,Cooking Oil,7,2362.99
2023-07-11,Toilet Paper,9,1492.38
2023-07-11,Detergent,41,17325.78
2023-07-11,Shampoo,12,1961.16
2023-07-11,Noodles,29,8628.08
2023-07-11,Biscuits,34,9971.52
2023-07-11,Bottled Water,29,4097.99
2023-07-11,Tea,33,15275.37
2023-07-11,Sugar,6,1080.36
2023-07-11,Salt,31,12433.48
2023-07-11,Soap,13,2326.61
2023-07-11,Toothpaste,39,2141.88
2023-07-11,Milk,39,4132.05
2023-07-11,Cheese,11,4742.21
2023-07-11,Butter,11,4831.64
2023-07-11,Paneer,47,3393.4
2023-07-11,Face Wash,22,7167.82
2023-07-11,Hair Oil,32,13890.24
2023-07-11,Hand Sanitizer,42,19548.9
2023-07-11,Laundry Liquid,40,10048.0
2023-07-11,Dishwash Gel,30,2176.2
2023-07-11,Chips,14,6079.22
2023-07-11,Chocolate,43,14006.82
2023-07-11,Coffee,7,3131.03
2023-07-11,Green Tea,27,5270.67
2023-07-11,Juice,17,6746.45
2023-07-11,Soft Drink,31,7270.74
2023-07-11,Dry Fruits,42,4422.18
2023-07-11,Honey,45,21490.65
2023-07-11,Ketchup,21,7915.95
2023-07-11,Mustard,14,4431.7
2023-07-11,Vinegar,27,11115.9
2023-07-11,Pickle,34,16350.26
2023-07-11,Jam,50,24189.0
2023-07-11,Bread,30,4374.0
2023-07-11,Eggs,48,20945.28
2023-07-11,Cereal,20,9720.6
2023-07-11,Oats,13,974.48
2023-07-11,Baby Food,7,1515.15
2023-07-11,Tissues,18,8174.88
2023-07-11,Garbage Bags,11,2816.55
2023-07-11,Mop,19,5615.83
2023-07-11,Broom,15,5886.45
2023-07-11,Floor Cleaner,49,15513.89
2023-07-11,Room Freshener,47,9968.7
2023-07-11,Mosquito Spray,35,8682.45
2023-07-11,Bleach,36,4611.6
2023-07-11,Matches,20,6011.6
2023-07-11,Candles,34,14846.44
2023-07-12,Rice,12,5594.64
2023-07-12,Wheat Flour,21,3276.63
2023-07-12,Cooking Oil,44,14853.08
2023-07-12,Toilet Paper,42,6964.44
2023-07-12,Detergent,18,7606.44
2023-07-12,Shampoo,32,5229.76
2023-07-12,Noodles,39,11603.28
2023-07-12,Biscuits,45,13197.6
2023-07-12,Bottled Water,30,4239.3
2023-07-12,Tea,42,19441.38
2023-07-12,Sugar,47,8462.82
2023-07-12,Salt,35,14037.8
2023-07-12,Soap,35,6263.95
2023-07-12,Toothpaste,13,713.96
2023-07-12,Milk,26,2754.7
2023-07-12,Cheese,26,11208.86
2023-07-12,Butter,19,8345.56
2023-07-12,Paneer,16,1155.2
2023-07-12,Face Wash,15,4887.15
2023-07-12,Hair Oil,22,9549.54
2023-07-12,Hand Sanitizer,36,16756.2
2023-07-12,Laundry Liquid,44,11052.8
2023-07-12,Dishwash Gel,27,1958.58
2023-07-12,Chips,41,17803.43
2023-07-12,Chocolate,17,5537.58
2023-07-12,Coffee,35,15655.15
2023-07-12,Green Tea,17,3318.57
2023-07-12,Juice,48,19048.8
2023-07-12,Soft Drink,40,9381.6
2023-07-12,Dry Fruits,6,631.74
2023-07-12,Honey,8,3820.56
2023-07-12,Ketchup,14,5277.3
2023-07-12,Mustard,33,10446.15
2023-07-12,Vinegar,15,6175.5
2023-07-12,Pickle,47,22601.83
2023-07-12,Jam,46,22253.88
2023-07-12,Bread,24,3499.2
2023-07-12,Eggs,36,15708.96
2023-07-12,Cereal,5,2430.15
2023-07-12,Oats,5,374.8
2023-07-12,Baby Food,46,9956.7
2023-07-12,Tissues,47,21345.52
2023-07-12,Garbage Bags,38,9729.9
2023-07-12,Mop,11,3251.27
2023-07-12,Broom,24,9418.32
2023-07-12,Floor Cleaner,38,12031.18
2023-07-12,Room Freshener,44,9332.4
2023-07-12,Mosquito Spray,12,2976.84
2023-07-12,Bleach,6,768.6
2023-07-12,Matches,6,1803.48
2023-07-12,Candles,37,16156.42
2023-07-13,Rice,38,17716.36
2023-07-13,Wheat Flour,35,5461.05
2023-07-13,Cooking Oil,44,14853.08
2023-07-13,Toilet Paper,7,1160.74
2023-07-13,Detergent,26,10987.08
2023-07-13,Shampoo,15,2451.45
2023-07-13,Noodles,16,4760.32
2023-07-13,Biscuits,11,3226.08
2023-07-13,Bottled Water,33,4663.23
2023-07-13,Tea,8,3703.12
2023-07-13,Sugar,9,1620.54
2023-07-13,Salt,21,8422.68
2023-07-13,Soap,9,1610.73
2023-07-13,Toothpaste,12,659.04
2023-07-13,Milk,37,3920.15
2023-07-13,Cheese,33,14226.63
2023-07-13,Butter,19,8345.56
2023-07-13,Paneer,38,2743.6
2023-07-13,Face Wash,43,14009.83
2023-07-13,Hair Oil,27,11719.89
2023-07-13,Hand Sanitizer,7,3258.15
2023-07-13,Laundry Liquid,29,7284.8
2023-07-13,Dishwash Gel,21,1523.34
2023-07-13,Chips,26,11289.98
2023-07-13,Chocolate,20,6514.8
2023-07-13,Coffee,25,11182.25
2023-07-13,Green Tea,26,5075.46
2023-07-13,Juice,43,17064.55
2023-07-13,Soft Drink,42,9850.68
2023-07-13,Dry Fruits,35,3685.15
2023-07-13,Honey,27,12894.39
2023-07-13,Ketchup,39,14701.05
2023-07-13,Mustard,16,5064.8
2023-07-13,Vinegar,50,20585.0
2023-07-13,Pickle,17,8175.13
2023-07-13,Jam,39,18867.42
2023-07-13,Bread,35,5103.0
2023-07-13,Eggs,48,20945.28
2023-07-13,Cereal,45,21871.35
2023-07-13,Oats,19,1424.24
2023-07-13,Baby Food,45,9740.25
2023-07-13,Tissues,37,16803.92
2023-07-13,Garbage Bags,40,10242.0
2023-07-13,Mop,36,10640.52
2023-07-13,Broom,26,10203.18
2023-07-13,Floor Cleaner,26,8231.86
2023-07-13,Room Freshener,31,6575.1
2023-07-13,Mosquito Spray,6,1488.42
2023-07-13,Bleach,42,5380.2
2023-07-13,Matches,45,13526.1
2023-07-13,Candles,46,20086.36
2023-07-14,Rice,10,4662.2
2023-07-14,Wheat Flour,34,5305.02
2023-07-14,Cooking Oil,34,11477.38
2023-07-14,Toilet Paper,50,8291.0
2023-07-14,Detergent,44,18593.52
2023-07-14,Shampoo,37,6046.91
2023-07-14,Noodles,28,8330.56
2023-07-14,Biscuits,49,14370.72
2023-07-14,Bottled Water,27,3815.37
2023-07-14,Tea,34,15738.26
2023-07-14,Sugar,8,1440.48
2023-07-14,Salt,41,16444.28
2023-07-14,Soap,26,4653.22
2023-07-14,Toothpaste,39,2141.88
2023-07-14,Milk,36,3814.2
2023-07-14,Cheese,8,3448.88
2023-07-14,Butter,37,16251.88
2023-07-14,Paneer,43,3104.6
2023-07-14,Face Wash,11,3583.91
2023-07-14,Hair Oil,6,2604.42
2023-07-14,Hand Sanitizer,15,6981.75
2023-07-14,Laundry Liquid,12,3014.4
2023-07-14,Dishwash Gel,13,943.02
2023-07-14,Chips,18,7816.14
2023-07-14,Chocolate,13,4234.62
2023-07-14,Coffee,49,21917.21
2023-07-14,Green Tea,47,9174.87
2023-07-14,Juice,12,4762.2
2023-07-14,Soft Drink,21,4925.34
2023-07-14,Dry Fruits,45,4738.05
2023-07-14,Honey,29,13849.53
2023-07-14,Ketchup,9,3392.55
2023-07-14,Mustard,14,4431.7
2023-07-14,Vinegar,19,7822.3
2023-07-14,Pickle,26,12503.14
2023-07-14,Jam,47,22737.66
2023-07-14,Bread,47,6852.6
2023-07-14,Eggs,23,10036.28
2023-07-14,Cereal,49,23815.47
2023-07-14,Oats,18,1349.28
2023-07-14,Baby Food,48,10389.6
2023-07-14,Tissues,50,22708.0
2023-07-14,Garbage Bags,24,6145.2
2023-07-14,Mop,33,9753.81
2023-07-14,Broom,14,5494.02
2023-07-14,Floor Cleaner,32,10131.52
2023-07-14,Room Freshener,43,9120.3
2023-07-14,Mosquito Spray,14,3472.98
2023-07-14,Bleach,19,2433.9
2023-07-14,Matches,28,8416.24
2023-07-14,Candles,23,10043.18
2024-07-11,Rice,25,11655.5
2024-07-11,Wheat Flour,14,2184.42
2024-07-11,Cooking Oil,42,14177.94
2024-07-11,Toilet Paper,49,8125.18
2024-07-11,Detergent,13,5493.54
2024-07-11,Shampoo,11,1797.73
2024-07-11,Noodles,35,10413.2
2024-07-11,Biscuits,39,11437.92
2024-07-11,Bottled Water,22,3108.82
2024-07-11,Tea,45,20830.05
2024-07-11,Sugar,23,4141.38
2024-07-11,Salt,47,18850.76
2024-07-11,Soap,9,1610.73
2024-07-11,Toothpaste,33,1812.36
2024-07-11,Milk,8,847.6
2024-07-11,Cheese,23,9915.53
2024-07-11,Butter,15,6588.6
2024-07-11,Paneer,34,2454.8
2024-07-11,Face Wash,27,8796.87
2024-07-11,Hair Oil,44,19099.08
2024-07-11,Hand Sanitizer,11,5119.95
2024-07-11,Laundry Liquid,7,1758.4
2024-07-11,Dishwash Gel,46,3336.84
2024-07-11,Chips,12,5210.76
2024-07-11,Chocolate,48,15635.52
2024-07-11,Coffee,33,14760.57
2024-07-11,Green Tea,39,7613.19
2024-07-11,Juice,34,13492.9
2024-07-11,Soft Drink,8,1876.32
2024-07-11,Dry Fruits,33,3474.57
2024-07-11,Honey,28,13371.96
2024-07-11,Ketchup,36,13570.2
2024-07-11,Mustard,43,13611.65
2024-07-11,Vinegar,34,13997.8
2024-07-11,Pickle,46,22120.94
2024-07-11,Jam,42,20318.76
2024-07-11,Bread,35,5103.0
2024-07-11,Eggs,41,17890.76
2024-07-11,Cereal,8,3888.24
2024-07-11,Oats,18,1349.28
2024-07-11,Baby Food,40,8658.0
2024-07-11,Tissues,10,4541.6
2024-07-11,Garbage Bags,48,12290.4
2024-07-11,Mop,50,14778.5
2024-07-11,Broom,33,12950.19
2024-07-11,Floor Cleaner,34,10764.74
2024-07-11,Room Freshener,42,8908.2
2024-07-11,Mosquito Spray,13,3224.91
2024-07-11,Bleach,5,640.5
2024-07-11,Matches,42,12624.36
2024-07-11,Candles,45,19649.7
2024-07-12,Rice,20,9324.4
2024-07-12,Wheat Flour,46,7177.38
2024-07-12,Cooking Oil,7,2362.99
2024-07-12,Toilet Paper,31,5140.42
2024-07-12,Detergent,36,15212.88
2024-07-12,Shampoo,34,5556.62
2024-07-12,Noodles,44,13090.88
2024-07-12,Biscuits,14,4105.92
2024-07-12,Bottled Water,12,1695.72
2024-07-12,Tea,24,11109.36
2024-07-12,Sugar,35,6302.1
2024-07-12,Salt,30,12032.4
2024-07-12,Soap,26,4653.22
2024-07-12,Toothpaste,19,1043.48
2024-07-12,Milk,20,2119.0
2024-07-12,Cheese,29,12502.19
2024-07-12,Butter,45,19765.8
2024-07-12,Paneer,27,1949.4
2024-07-12,Face Wash,39,12706.59
2024-07-12,Hair Oil,13,5642.91
2024-07-12,Hand Sanitizer,22,10239.9
2024-07-12,Laundry Liquid,12,3014.4
2024-07-12,Dishwash Gel,5,362.7
2024-07-12,Chips,30,13026.9
2024-07-12,Chocolate,49,15961.26
2024-07-12,Coffee,10,4472.9
2024-07-12,Green Tea,7,1366.47
2024-07-12,Juice,5,1984.25
2024-07-12,Soft Drink,13,3049.02
2024-07-12,Dry Fruits,43,4527.47
2024-07-12,Honey,38,18147.66
2024-07-12,Ketchup,11,4146.45
2024-07-12,Mustard,7,2215.85
2024-07-12,Vinegar,41,16879.7
2024-07-12,Pickle,49,23563.61
2024-07-12,Jam,20,9675.6
2024-07-12,Bread,6,874.8
2024-07-12,Eggs,34,14836.24
2024-07-12,Cereal,43,20899.29
2024-07-12,Oats,15,1124.4
2024-07-12,Baby Food,9,1948.05
2024-07-12,Tissues,40,18166.4
2024-07-12,Garbage Bags,30,7681.5
2024-07-12,Mop,24,7093.68
2024-07-12,Broom,44,17266.92
2024-07-12,Floor Cleaner,41,12981.01
2024-07-12,Room Freshener,26,5514.6
2024-07-12,Mosquito Spray,29,7194.03
2024-07-12,Bleach,41,5252.1
2024-07-12,Matches,16,4809.28
2024-07-12,Candles,34,14846.44
2024-07-13,Rice,23,10723.06
2024-07-13,Wheat Flour,19,2964.57
2024-07-13,Cooking Oil,15,5063.55
2024-07-13,Toilet Paper,18,2984.76
2024-07-13,Detergent,44,18593.52
2024-07-13,Shampoo,43,7027.49
2024-07-13,Noodles,11,3272.72
2024-07-13,Biscuits,34,9971.52
2024-07-13,Bottled Water,25,3532.75
2024-07-13,Tea,27,12498.03
2024-07-13,Sugar,39,7022.34
2024-07-13,Salt,14,5615.12
2024-07-13,Soap,33,5906.01
2024-07-13,Toothpaste,34,1867.28
2024-07-13,Milk,35,3708.25
2024-07-13,Cheese,32,13795.52
2024-07-13,Butter,18,7906.32
2024-07-13,Paneer,47,3393.4
2024-07-13,Face Wash,35,11403.35
2024-07-13,Hair Oil,44,19099.08
2024-07-13,Hand Sanitizer,14,6516.3
2024-07-13,Laundry Liquid,47,11806.4
2024-07-13,Dishwash Gel,5,362.7
2024-07-13,Chips,30,13026.9
2024-07-13,Chocolate,6,1954.44
2024-07-13,Coffee,17,7603.93
2024-07-13,Green Tea,18,3513.78
2024-07-13,Juice,39,15477.15
2024-07-13,Soft Drink,33,7739.82
2024-07-13,Dry Fruits,37,3895.73
2024-07-13,Honey,24,11461.68
2024-07-13,Ketchup,29,10931.55
2024-07-13,Mustard,15,4748.25
2024-07-13,Vinegar,38,15644.6
2024-07-13,Pickle,33,15869.37
2024-07-13,Jam,40,19351.2
2024-07-13,Bread,38,5540.4
2024-07-13,Eggs,32,13963.52
2024-07-13,Cereal,33,16038.99
2024-07-13,Oats,10,749.6
2024-07-13,Baby Food,49,10606.05
2024-07-13,Tissues,39,17712.24
2024-07-13,Garbage Bags,29,7425.45
2024-07-13,Mop,39,11527.23
2024-07-13,Broom,15,5886.45
2024-07-13,Floor Cleaner,23,7282.03
2024-07-13,Room Freshener,18,3817.8
2024-07-13,Mosquito Spray,21,5209.47
2024-07-13,Bleach,21,2690.1
2024-07-13,Matches,40,12023.2
2024-07-13,Candles,31,13536.46
2024-07-14,Rice,13,6060.86
2024-07-14,Wheat Flour,42,6553.26
2024-07-14,Cooking Oil,9,3038.13
2024-07-14,Toilet Paper,18,2984.76
2024-07-14,Detergent,47,19861.26
2024-07-14,Shampoo,6,980.58
2024-07-14,Noodles,50,14876.0
2024-07-14,Biscuits,10,2932.8
2024-07-14,Bottled Water,35,4945.85
2024-07-14,Tea,13,6017.57
2024-07-14,Sugar,37,6662.22
2024-07-14,Salt,38,15241.04
2024-07-14,Soap,37,6621.89
2024-07-14,Toothpaste,36,1977.12
2024-07-14,Milk,33,3496.35
2024-07-14,Cheese,50,21555.5
2024-07-14,Butter,19,8345.56
2024-07-14,Paneer,17,1227.4
2024-07-14,Face Wash,21,6842.01
2024-07-14,Hair Oil,26,11285.82
2024-07-14,Hand Sanitizer,20,9309.0
2024-07-14,Laundry Liquid,14,3516.8
2024-07-14,Dishwash Gel,8,580.32
2024-07-14,Chips,35,15198.05
2024-07-14,Chocolate,30,9772.2
2024-07-14,Coffee,14,6262.06
2024-07-14,Green Tea,41,8003.61
2024-07-14,Juice,13,5159.05
2024-07-14,Soft Drink,33,7739.82
2024-07-14,Dry Fruits,27,2842.83
2024-07-14,Honey,36,17192.52
2024-07-14,Ketchup,48,18093.6
2024-07-14,Mustard,37,11712.35
2024-07-14,Vinegar,13,5352.1
2024-07-14,Pickle,42,20197.38
2024-07-14,Jam,47,22737.66
2024-07-14,Bread,5,729.0
2024-07-14,Eggs,16,6981.76
2024-07-14,Cereal,39,18955.17
2024-07-14,Oats,28,2098.88
2024-07-14,Baby Food,31,6709.95
2024-07-14,Tissues,30,13624.8
2024-07-14,Garbage Bags,36,9217.8
2024-07-14,Mop,25,7389.25
2024-07-14,Broom,47,18444.21
2024-07-14,Floor Cleaner,30,9498.3
2024-07-14,Room Freshener,27,5726.7
2024-07-14,Mosquito Spray,29,7194.03
2024-07-14,Bleach,34,4355.4
2024-07-14,Matches,50,15029.0
2024-07-14,Candles,40,17466.4
